{
    "name": "root",
    "gauges": {
        "TraverseTrack.Policy.Entropy.mean": {
            "value": -3.8466994762420654,
            "min": -3.8466994762420654,
            "max": -3.727356433868408,
            "count": 3
        },
        "TraverseTrack.Policy.Entropy.sum": {
            "value": -38774.73046875,
            "min": -38774.73046875,
            "max": -34351.31640625,
            "count": 3
        },
        "TraverseTrack.Step.mean": {
            "value": 1429986.0,
            "min": 1409960.0,
            "max": 1429986.0,
            "count": 3
        },
        "TraverseTrack.Step.sum": {
            "value": 1429986.0,
            "min": 1409960.0,
            "max": 1429986.0,
            "count": 3
        },
        "TraverseTrack.Policy.ExtrinsicValueEstimate.mean": {
            "value": -15.787959098815918,
            "min": -50.30815124511719,
            "max": -8.626340866088867,
            "count": 3
        },
        "TraverseTrack.Policy.ExtrinsicValueEstimate.sum": {
            "value": -2557.6494140625,
            "min": -7998.99609375,
            "max": -1190.43505859375,
            "count": 3
        },
        "TraverseTrack.Policy.GailValueEstimate.mean": {
            "value": 613.1409301757812,
            "min": 587.6641235351562,
            "max": 696.11279296875,
            "count": 3
        },
        "TraverseTrack.Policy.GailValueEstimate.sum": {
            "value": 99328.828125,
            "min": 81097.6484375,
            "max": 110681.9375,
            "count": 3
        },
        "TraverseTrack.IsTraining.mean": {
            "value": 1.0,
            "min": 1.0,
            "max": 1.0,
            "count": 3
        },
        "TraverseTrack.IsTraining.sum": {
            "value": 1.0,
            "min": 1.0,
            "max": 1.0,
            "count": 3
        },
        "TraverseTrack.Environment.EpisodeLength.mean": {
            "value": 1987.0,
            "min": 1657.0,
            "max": 1987.0,
            "count": 2
        },
        "TraverseTrack.Environment.EpisodeLength.sum": {
            "value": 11922.0,
            "min": 8285.0,
            "max": 11922.0,
            "count": 2
        },
        "TraverseTrack.Environment.CumulativeReward.mean": {
            "value": -60.683324102312326,
            "min": -84.49598926305771,
            "max": -60.683324102312326,
            "count": 2
        },
        "TraverseTrack.Environment.CumulativeReward.sum": {
            "value": -364.09994461387396,
            "min": -422.47994631528854,
            "max": -364.09994461387396,
            "count": 2
        },
        "TraverseTrack.Policy.ExtrinsicReward.mean": {
            "value": -60.683324102312326,
            "min": -84.49598926305771,
            "max": -60.683324102312326,
            "count": 2
        },
        "TraverseTrack.Policy.ExtrinsicReward.sum": {
            "value": -364.09994461387396,
            "min": -422.47994631528854,
            "max": -364.09994461387396,
            "count": 2
        },
        "TraverseTrack.Policy.GailReward.mean": {
            "value": 12677.38376235962,
            "min": 10572.989083862305,
            "max": 12677.38376235962,
            "count": 2
        },
        "TraverseTrack.Policy.GailReward.sum": {
            "value": 76064.30257415771,
            "min": 52864.94541931152,
            "max": 76064.30257415771,
            "count": 2
        },
        "TraverseTrack.Losses.PolicyLoss.mean": {
            "value": 0.04850213631179941,
            "min": 0.04850213631179941,
            "max": 0.050154238980030644,
            "count": 2
        },
        "TraverseTrack.Losses.PolicyLoss.sum": {
            "value": 0.04850213631179941,
            "min": 0.04850213631179941,
            "max": 0.050154238980030644,
            "count": 2
        },
        "TraverseTrack.Losses.ValueLoss.mean": {
            "value": 695.0551499684651,
            "min": 344.3754188855489,
            "max": 695.0551499684651,
            "count": 2
        },
        "TraverseTrack.Losses.ValueLoss.sum": {
            "value": 695.0551499684651,
            "min": 344.3754188855489,
            "max": 695.0551499684651,
            "count": 2
        },
        "TraverseTrack.Policy.LearningRate.mean": {
            "value": 0.0009052186094781404,
            "min": 0.0009052186094781404,
            "max": 0.0009059051427428197,
            "count": 2
        },
        "TraverseTrack.Policy.LearningRate.sum": {
            "value": 0.0009052186094781404,
            "min": 0.0009052186094781404,
            "max": 0.0009059051427428197,
            "count": 2
        },
        "TraverseTrack.Policy.Epsilon.mean": {
            "value": 0.19052186000000002,
            "min": 0.19052186000000002,
            "max": 0.1905905133333334,
            "count": 2
        },
        "TraverseTrack.Policy.Epsilon.sum": {
            "value": 0.19052186000000002,
            "min": 0.19052186000000002,
            "max": 0.1905905133333334,
            "count": 2
        },
        "TraverseTrack.Policy.Beta.mean": {
            "value": 0.004527040814000001,
            "min": 0.004527040814000001,
            "max": 0.004530466615333335,
            "count": 2
        },
        "TraverseTrack.Policy.Beta.sum": {
            "value": 0.004527040814000001,
            "min": 0.004527040814000001,
            "max": 0.004530466615333335,
            "count": 2
        },
        "TraverseTrack.Policy.GAILPolicyEstimate.mean": {
            "value": 1.0,
            "min": 1.0,
            "max": 1.0,
            "count": 2
        },
        "TraverseTrack.Policy.GAILPolicyEstimate.sum": {
            "value": 1.0,
            "min": 1.0,
            "max": 1.0,
            "count": 2
        },
        "TraverseTrack.Policy.GAILExpertEstimate.mean": {
            "value": 1.0,
            "min": 1.0,
            "max": 1.0,
            "count": 2
        },
        "TraverseTrack.Policy.GAILExpertEstimate.sum": {
            "value": 1.0,
            "min": 1.0,
            "max": 1.0,
            "count": 2
        },
        "TraverseTrack.Losses.GAILLoss.mean": {
            "value": 16.11809539794922,
            "min": 16.11809539794922,
            "max": 16.11809539794922,
            "count": 2
        },
        "TraverseTrack.Losses.GAILLoss.sum": {
            "value": 16.11809539794922,
            "min": 16.11809539794922,
            "max": 16.11809539794922,
            "count": 2
        },
        "TraverseTrack.Policy.GAILGradMagLoss.mean": {
            "value": 9.993677139282227,
            "min": 9.993677139282227,
            "max": 9.993677139282227,
            "count": 2
        },
        "TraverseTrack.Policy.GAILGradMagLoss.sum": {
            "value": 9.993677139282227,
            "min": 9.993677139282227,
            "max": 9.993677139282227,
            "count": 2
        },
        "TraverseTrack.Losses.PretrainingLoss.mean": {
            "value": 0.22816461231141882,
            "min": 0.22816461231141882,
            "max": 0.2282669566827861,
            "count": 2
        },
        "TraverseTrack.Losses.PretrainingLoss.sum": {
            "value": 0.22816461231141882,
            "min": 0.22816461231141882,
            "max": 0.2282669566827861,
            "count": 2
        }
    },
    "metadata": {
        "timer_format_version": "0.1.0",
        "start_time_seconds": "1650526094",
        "python_version": "3.8.13 (default, Mar 28 2022, 06:59:08) [MSC v.1916 64 bit (AMD64)]",
        "command_line_arguments": "C:\\Users\\Elijah\\anaconda3\\envs\\ml476\\Scripts\\mlagents-learn config/TraverseTrack.yaml --run-id=ShipAgentImitation --resume",
        "mlagents_version": "0.28.0",
        "mlagents_envs_version": "0.28.0",
        "communication_protocol_version": "1.5.0",
        "pytorch_version": "1.7.1+cu110",
        "numpy_version": "1.21.2",