{
    "name": "root",
    "gauges": {
        "TraverseTrack.Policy.Entropy.mean": {
            "value": 3.5527594089508057,
            "min": 3.4066452980041504,
            "max": 3.578082799911499,
            "count": 56
        },
        "TraverseTrack.Policy.Entropy.sum": {
            "value": 33964.37890625,
            "min": 26520.20703125,
            "max": 36485.46875,
            "count": 56
        },
        "TraverseTrack.Step.mean": {
            "value": 11329993.0,
            "min": 10779977.0,
            "max": 11329993.0,
            "count": 56
        },
        "TraverseTrack.Step.sum": {
            "value": 11329993.0,
            "min": 10779977.0,
            "max": 11329993.0,
            "count": 56
        },
        "TraverseTrack.Policy.ExtrinsicValueEstimate.mean": {
            "value": -0.052403733134269714,
            "min": -0.07398447394371033,
            "max": -0.014614317566156387,
            "count": 56
        },
        "TraverseTrack.Policy.ExtrinsicValueEstimate.sum": {
            "value": -8.961038589477539,
            "min": -11.615562438964844,
            "max": -1.4614317417144775,
            "count": 56
        },
        "TraverseTrack.IsTraining.mean": {
            "value": 1.0,
            "min": 1.0,
            "max": 1.0,
            "count": 56
        },
        "TraverseTrack.IsTraining.sum": {
            "value": 1.0,
            "min": 1.0,
            "max": 1.0,
            "count": 56
        },
        "TraverseTrack.Losses.PolicyLoss.mean": {
            "value": 0.051151044163270855,
            "min": 0.04035964485822963,
            "max": 0.05575621617899742,
            "count": 53
        },
        "TraverseTrack.Losses.PolicyLoss.sum": {
            "value": 0.051151044163270855,
            "min": 0.04035964485822963,
            "max": 0.05575621617899742,
            "count": 53
        },
        "TraverseTrack.Losses.ValueLoss.mean": {
            "value": 0.0007338476050790632,
            "min": 5.467413858847673e-05,
            "max": 0.005368944393315663,
            "count": 53
        },
        "TraverseTrack.Losses.ValueLoss.sum": {
            "value": 0.0007338476050790632,
            "min": 5.467413858847673e-05,
            "max": 0.005368944393315663,
            "count": 53
        },
        "TraverseTrack.Policy.LearningRate.mean": {
            "value": 0.00012237417552518002,
            "min": 0.00012237417552518002,
            "max": 0.00014049683856731332,
            "count": 53
        },
        "TraverseTrack.Policy.LearningRate.sum": {
            "value": 0.00012237417552518002,
            "min": 0.00012237417552518002,
            "max": 0.00014049683856731332,
            "count": 53
        },
        "TraverseTrack.Policy.Epsilon.mean": {
            "value": 0.12447482000000004,
            "min": 0.12447482000000004,
            "max": 0.1280993533333333,
            "count": 53
        },
        "TraverseTrack.Policy.Epsilon.sum": {
            "value": 0.12447482000000004,
            "min": 0.12447482000000004,
            "max": 0.1280993533333333,
            "count": 53
        },
        "TraverseTrack.Policy.Beta.mean": {
            "value": 0.0012312935179999997,
            "min": 0.0012312935179999997,
            "max": 0.0014121577313333338,
            "count": 53
        },
        "TraverseTrack.Policy.Beta.sum": {
            "value": 0.0012312935179999997,
            "min": 0.0012312935179999997,
            "max": 0.0014121577313333338,
            "count": 53
        },
        "TraverseTrack.Environment.EpisodeLength.mean": {
            "value": 2499.0,
            "min": 610.0,
            "max": 2499.0,
            "count": 37
        },
        "TraverseTrack.Environment.EpisodeLength.sum": {
            "value": 37485.0,
            "min": 610.0,
            "max": 49880.0,
            "count": 37
        },
        "TraverseTrack.Environment.CumulativeReward.mean": {
            "value": -10.844400622571507,
            "min": -224.42801288049668,
            "max": -3.2800003942102194,
            "count": 37
        },
        "TraverseTrack.Environment.CumulativeReward.sum": {
            "value": -162.66600933857262,
            "min": -251.31601783074439,
            "max": -3.2800003942102194,
            "count": 37
        },
        "TraverseTrack.Policy.ExtrinsicReward.mean": {
            "value": -1.0844400728509451,
            "min": -22.442802653764375,
            "max": -0.32800002698786557,
            "count": 37
        },
        "TraverseTrack.Policy.ExtrinsicReward.sum": {
            "value": -16.266601092764176,
            "min": -25.131602288922295,
            "max": -0.32800002698786557,
            "count": 37
        }
    },
    "metadata": {
        "timer_format_version": "0.1.0",
        "start_time_seconds": "1650404818",
        "python_version": "3.8.13 (default, Mar 28 2022, 06:59:08) [MSC v.1916 64 bit (AMD64)]",
        "command_line_arguments": "C:\\Users\\Elijah\\anaconda3\\envs\\ml476\\Scripts\\mlagents-learn config/TraverseTrack.yaml --run-id=testParameters --resume",
        "mlagents_version": "0.28.0",
        "mlagents_envs_version": "0.28.0",
        "communication_protocol_version": "1.5.0",
        "pytorch_version": "1.7.1+cu110",
        "numpy_version": "1.21.2",
        "end_time_seconds": "1650405338"
    },
    "total": 520.0778273,
    "count": 1,
    "self": 0.007009299999936047,
    "children": {
        "run_training.setup": {
            "total": 0.07084109999999999,
            "count": 1,
            "self": 0.07084109999999999
        },
        "TrainerController.start_learning": {
            "total": 519.9999769,
            "count": 1,
            "self": 0.48152450000031877,
            "children": {
                "TrainerController._reset_env": {
                    "total": 6.4658671,
                    "count": 1,
                    "self": 6.4658671
                },
                "TrainerController.advance": {
                    "total": 512.9705071999997,
                    "count": 28217,
                    "self": 0.49117270000806457,
                    "children": {
                        "env_step": {
                            "total": 284.56837399999614,
                            "count": 28217,
                            "self": 239.2259882999997,
                            "children": {
                                "SubprocessEnvManager._take_step": {
                                    "total": 44.99374519999607,
                                    "count": 28217,
                                    "self": 1.5332912999942536,
                                    "children": {
                                        "TorchPolicy.evaluate": {
                                            "total": 43.460453900001816,
                                            "count": 28217,
                                            "self": 7.246027000002634,
                                            "children": {
                                                "TorchPolicy.sample_actions": {
                                                    "total": 36.21442689999918,
                                                    "count": 28217,
                                                    "self": 36.21442689999918
                                                }
                                            }
                                        }
                                    }
                                },
                                "workers": {
                                    "total": 0.34864050000038915,
                                    "count": 28216,
                                    "self": 0.0,